student_id,study_hours,attendance,group_discussion,previous_test_score,final_exam_pass
1,10.0,76.3,No,72,Pass
2,8.9,96.1,No,28,Pass
3,12.7,79.0,Yes,22,Fail
4,5.0,66.5,No,100,Pass
5,19.1,46.3,No,60,Pass
6,8.7,50.2,No,34,Fail
7,18.7,82.0,No,54,Pass
8,7.7,99.2,No,44,Fail
9,4.0,92.0,No,70,Pass
10,19.2,87.5,No,43,Pass
11,14.3,42.7,No,70,Pass
12,18.7,56.9,Yes,50,Fail
13,14.0,58.7,Yes,79,Pass
14,11.9,72.1,No,80,Pass
15,7.3,53.3,Yes,35,Fail
16,11.5,56.2,Yes,73,Pass
17,17.1,60.1,Yes,54,Pass
18,4.8,41.3,No,78,Pass
19,12.5,45.0,No,75,Pass
20,7.2,42.8,Yes,40,Pass
21,14.1,84.3,Yes,98,Pass
22,19.6,52.0,No,48,Pass
23,19.2,75.7,Yes,55,Pass
24,2.8,72.6,No,50,Fail
25,8.3,65.2,No,93,Pass
26,4.1,86.3,No,62,Fail
27,7.4,41.1,Yes,50,Pass
28,19.8,84.6,Yes,96,Pass
29,15.1,46.1,No,36,Fail
30,8.5,79.0,Yes,84,Pass
31,16.9,74.5,No,83,Pass
32,3.6,71.6,Yes,40,Fail
33,13.0,65.7,No,99,Pass
34,9.4,83.7,No,97,Pass
35,1.2,69.6,Yes,36,Fail
36,18.0,78.8,No,27,Pass
37,9.3,91.5,No,45,Pass
38,8.3,41.1,No,61,Fail
39,11.2,51.4,No,45,Pass
40,6.7,49.1,No,72,Pass
41,11.8,96.5,No,76,Pass
42,17.7,55.0,Yes,89,Pass
43,7.1,50.3,Yes,93,Pass
44,11.6,80.7,Yes,100,Pass
45,13.2,52.0,Yes,75,Pass
46,2.4,80.0,No,75,Pass
47,18.4,41.4,No,68,Fail
48,15.4,59.0,No,29,Pass
49,1.2,95.9,Yes,92,Pass
50,3.0,99.1,No,95,Fail
51,2.4,85.0,No,49,Fail
52,6.9,47.3,Yes,97,Pass
53,7.2,77.5,No,96,Pass
54,15.9,92.2,No,43,Pass
55,4.1,88.9,No,98,Pass
56,15.9,81.3,No,89,Pass
57,11.4,58.2,Yes,37,Fail
58,11.6,64.5,No,78,Pass
59,5.2,44.9,Yes,92,Pass
60,19.0,85.0,Yes,88,Pass
61,15.1,85.1,Yes,43,Fail
62,10.5,92.5,No,48,Pass
63,10.7,69.5,Yes,98,Pass
64,14.8,56.3,Yes,94,Pass
65,10.6,78.1,No,96,Pass
66,11.1,97.1,Yes,65,Pass
67,19.7,40.4,Yes,87,Pass
68,2.1,50.0,Yes,87,Pass
69,2.5,74.5,Yes,40,Fail
70,11.6,72.1,Yes,60,Pass
71,16.7,67.8,Yes,57,Fail
72,16.5,74.1,Yes,27,Pass
73,6.2,41.7,Yes,40,Pass
74,12.3,60.2,No,78,Pass
75,18.5,84.7,Yes,38,Pass
76,15.2,95.5,No,50,Pass
77,12.6,52.0,Yes,50,Pass
78,14.6,48.6,No,36,Pass
79,16.9,64.7,Yes,55,Pass
80,3.3,88.8,No,27,Fail
81,17.6,62.1,No,94,Pass
82,18.2,72.0,No,73,Pass
83,17.0,77.1,No,65,Pass
84,7.5,64.2,Yes,84,Fail
85,12.5,67.4,No,93,Pass
86,3.0,41.5,No,83,Fail
87,9.0,68.0,No,32,Fail
88,13.0,57.2,Yes,54,Pass
89,9.1,80.7,No,22,Pass
90,15.5,67.3,Yes,29,Pass
91,15.3,79.0,No,60,Pass
92,5.6,70.0,Yes,57,Fail
93,10.6,57.9,Yes,23,Fail
94,3.4,89.6,No,50,Fail
95,15.4,52.9,No,54,Pass
96,14.5,56.3,No,51,Pass
97,6.3,70.6,No,26,Fail
98,17.4,48.5,Yes,37,Fail
99,1.2,61.1,No,83,Fail
100,14.0,45.6,Yes,26,Fail
101,1.1,85.9,Yes,59,Fail
102,2.5,40.8,No,38,Fail
103,1.7,43.3,Yes,30,Fail
104,6.6,54.9,No,36,Fail
105,15.0,69.8,Yes,72,Pass
106,2.3,46.0,Yes,39,Fail
107,18.3,82.0,Yes,38,Pass
108,19.5,77.9,Yes,30,Pass
109,13.2,80.3,Yes,78,Pass
110,6.7,68.2,Yes,21,Fail
111,19.3,45.0,Yes,98,Pass
112,16.9,85.2,No,35,Pass
113,2.8,66.9,No,22,Fail
114,8.1,42.9,Yes,44,Fail
115,16.0,83.0,No,98,Pass
116,18.5,83.8,Yes,83,Pass
117,16.0,90.5,No,21,Pass
118,12.0,49.5,Yes,33,Pass
119,6.4,46.8,No,63,Pass
120,17.6,49.7,Yes,40,Pass
121,14.6,69.6,Yes,71,Pass
122,4.5,47.8,Yes,61,Pass
123,19.3,40.9,Yes,39,Pass
124,8.4,94.7,Yes,31,Fail
125,12.8,61.1,No,100,Pass
126,12.2,67.1,No,73,Fail
127,12.4,59.2,Yes,72,Pass
128,16.0,87.6,No,68,Pass
129,6.7,76.0,No,72,Pass
130,2.6,80.1,Yes,88,Pass
131,18.1,61.0,No,53,Pass
132,20.0,77.5,No,38,Pass
133,8.6,78.0,Yes,76,Pass
134,6.9,69.5,Yes,49,Pass
135,10.4,87.6,No,67,Pass
136,19.3,77.0,No,32,Fail
137,9.8,79.8,Yes,84,Pass
138,2.6,64.4,No,81,Pass
139,14.8,53.1,Yes,53,Pass
140,4.6,91.8,Yes,20,Fail
141,15.3,73.7,Yes,54,Fail
142,9.9,85.9,No,82,Pass
143,2.0,58.1,Yes,81,Pass
144,10.1,89.4,Yes,59,Pass
145,4.9,88.1,No,56,Pass
146,1.9,51.7,Yes,73,Pass
147,10.8,89.4,No,41,Pass
148,16.3,62.1,Yes,52,Pass
149,11.4,90.6,No,31,Fail
150,6.0,66.6,Yes,83,Fail
151,17.4,66.2,Yes,61,Pass
152,2.2,98.1,Yes,30,Fail
153,2.1,47.4,No,52,Fail
154,11.4,97.4,No,80,Pass
155,19.5,85.4,No,74,Pass
156,1.3,40.1,Yes,71,Pass
157,6.8,81.0,No,90,Pass
158,1.4,41.1,No,22,Fail
159,12.8,85.2,Yes,23,Pass
160,12.8,76.4,Yes,69,Pass
161,10.3,72.0,No,83,Pass
162,16.5,75.8,No,57,Pass
163,15.5,62.1,Yes,68,Pass
164,8.9,47.3,Yes,78,Pass
165,9.5,80.9,Yes,72,Pass
166,6.9,44.7,Yes,74,Pass
167,13.0,99.8,No,56,Pass
168,16.4,69.8,Yes,55,Pass
169,12.7,91.7,Yes,20,Fail
170,8.5,94.4,No,39,Pass
171,4.9,76.4,No,42,Pass
172,18.9,88.8,Yes,91,Pass
173,3.5,41.9,Yes,79,Fail
174,5.9,88.8,No,88,Pass
175,2.6,83.2,Yes,68,Pass
176,13.2,60.8,Yes,62,Pass
177,15.9,79.5,Yes,42,Pass
178,6.4,50.4,Yes,58,Fail
179,10.1,40.9,Yes,95,Pass
180,8.5,66.5,No,43,Fail
181,15.0,59.5,No,40,Fail
182,12.9,45.2,Yes,20,Fail
183,15.9,45.3,Yes,50,Pass
184,16.8,45.3,Yes,21,Pass
185,8.7,42.0,Yes,97,Fail
186,12.1,90.8,Yes,70,Pass
187,16.4,81.3,Yes,78,Pass
188,4.1,84.9,No,81,Pass
189,14.5,81.2,No,59,Pass
190,15.0,42.3,Yes,31,Pass
191,4.2,62.9,Yes,89,Pass
192,1.4,68.6,No,95,Fail
193,13.6,61.1,Yes,57,Pass
194,13.3,54.4,Yes,93,Pass
195,1.5,66.2,Yes,89,Pass
196,16.8,48.4,Yes,81,Pass
197,14.2,75.5,Yes,97,Pass
198,4.1,59.6,Yes,68,Pass
199,15.8,74.6,Yes,71,Pass
200,2.5,64.2,No,87,Pass
